nm0000428	D.W. Griffith	1875	1948	director,writer,producer	tt0004972,tt0006864,tt0010484,tt0009559
nm0000636	William Shakespeare	1564	1616	writer,soundtrack,miscellaneous	tt5377528,tt8632012,tt14297038,tt3894536
nm0000859	Lionel Barrymore	1878	1954	actor,director,soundtrack	tt0030993,tt0040506,tt0021885,tt0038650
nm0000875	L. Frank Baum	1856	1919	writer,producer,miscellaneous	tt0032138,tt0089908,tt0004207,tt0000679
nm0001908	Gilbert M. 'Broncho Billy' Anderson	1880	1971	director,actor,producer	tt0003719,tt0176832,tt0183803,tt0001706
nm0002001	Maurice Chevalier	1888	1972	soundtrack,actor,writer	tt0050658,tt0056095,tt0020112,tt0051658
nm0002042	Charles Dickens	1812	1870	writer,soundtrack,miscellaneous	tt0096061,tt0119223,tt0095776,tt0063385
nm0002503	Harry Carey	1878	1947	actor,writer,producer	tt0022495,tt0031679,tt0032247,tt0040724
nm0002504	Herbert Beerbohm Tree	1852	1917	actor,director,writer	tt1986989,tt0006995,tt0001658,tt0000247
nm0002615	Siegmund Lubin	1851	1923	producer,director,actor	tt0000472,tt0287024,tt0238498,tt0780034
nm0003471	Richard Wagner	1813	1883	soundtrack,music_department,writer	tt1590193,tt0409459,tt0093894,tt0458339
nm0005658	G.W. Bitzer	1872	1944	cinematographer,director,camera_department	tt0331431,tt0006864,tt0431889,tt0004972
nm0005690	William K.L. Dickson	1860	1935	cinematographer,director,producer	tt0308254,tt1428455,tt1496763,tt1770702
nm0005717	Fructuós Gelabert	1874	1955	director,cinematographer,writer	tt0004954,tt0003113,tt0001756,tt0000859
nm0006269	Camille Saint-Saëns	1835	1921	soundtrack,music_department,composer	tt0108358,tt0112579,tt1748122,tt1355630
nm0007221	Maurice Costello	1877	1950	actor,director,writer	tt0005695,tt0483687,tt0460155,tt0006554
nm0007625	A.C. Abadie	1878	1950	cinematographer,director,actor	tt0485015,tt0167051,tt0777868,tt0477387
nm0010017	Walter Ackerman	1881	1938	actor	tt0019719,tt0017655,tt0016301,tt1690452
nm0010291	Birt Acres	1854	1918	cinematographer,director,producer	tt0000025,tt0282161,tt0000030,tt0000024
nm0011370	Stella Adams	1883	1961	actress	tt0024727,tt0321143,tt0131072,tt0332120
nm0012317	John G. Adolfi	1881	1933	director,actor,writer	tt0005700,tt0007058,tt0009527,tt0016218
nm0012505	Lorenza Adriá	\N	\N	actress	tt0002325,tt0000723
nm0014656	Raymond Aimos	1889	1944	actor	tt0030643,tt0035075,tt0024480,tt0197362
nm0016071	Juan Alarma	\N	\N	actor	tt0000514
nm0016317	Fernande Albany	1889	1966	actress	tt0002113,tt0039434,tt0179815,tt0194128
nm0017074	Ernesto de Albuquerque	1883	1940	director,cinematographer,editor	tt0014292,tt1584827,tt0014518,tt0013543
nm0022607	Carl Alstrup	1877	1942	actor,director,writer	tt0001049,tt0029086,tt2346640,tt2341886
nm0022608	Oda Alstrup	1888	1964	actress	tt2341434,tt2404050,tt2404004,tt0000583
nm0023107	Hermanos Alva	\N	\N	director,cinematographer,editor	tt0000879,tt0000984,tt0002458,tt0002025
nm0023121	Hjalmar Alvar	1877	1940	actor	tt0000541
nm0024344	Pitje Ambreville	\N	\N	actor	tt0000971
nm0024464	Arturo Ambrosio	1870	1960	producer,director,production_manager	tt0004049,tt0161413,tt1070776,tt0189820
nm0024876	José Amigo	\N	\N	actor	tt0000165
nm0026153	Hans Christian Andersen	1805	1875	writer,soundtrack,miscellaneous	tt4520988,tt2294629,tt0040725,tt5971474
nm0029244	Victor André	\N	\N	actor	tt0000417
nm0034453	José Argelagués	\N	\N	actor	tt0009039,tt0009955,tt0000941
nm0035187	Charles Arling	1880	1922	actor	tt0009900,tt0012628,tt0005227,tt0196805
nm0035502	Frederick S. Armitage	1874	1933	cinematographer,director,producer	tt0243977,tt0359188,tt0230253,tt0257029
nm0037789	Julia Arthur	1868	1950	actress	tt0007817,tt0008954,tt0353535,tt0000643
nm0038106	Linda Arvidson	1884	1949	actress,writer	tt0160818,tt1487900,tt0000628,tt0000787
nm0038260	L. As	\N	\N	actor	tt0000632
nm0040750	Josephine Atkinson	1882	1954	actress	tt0000754
nm0041669	Florence Auer	1880	1962	actress,writer	tt0000638,tt0228299,tt0041955,tt0000756
nm0041858	Edwin August	1883	1964	actor,director,writer	tt0010576,tt0007599,tt0002686,tt0004990
nm0043018	Charles Avery	1873	1926	actor,director,assistant_director	tt0006808,tt0146888,tt0000770,tt1582607
nm0045867	André Bacqué	1880	1945	actor	tt0019127,tt0000970,tt0025471,tt0025191
nm0051042	Lidia Balogh	1870	1911		tt0000376
nm0054884	Florence Barker	1891	1913	actress,writer	tt0229668,tt0001236,tt0001207,tt0000826
nm0055607	George Barnes	1880	1951	actor	tt0322643,tt0434558,tt0428407,tt0003756
nm0055661	Justus D. Barnes	1862	1946	actor	tt0002504,tt0247577,tt0415738,tt0415631
nm0059578	Emilia Baró	1882	1964	actress	tt0041693,tt0000622,tt0036584,tt0004345
nm0060238	Russell Bassett	1845	1918	actor	tt0008561,tt0008116,tt0004654,tt0007118
nm0063086	Blanche Bayliss	1878	1951	actress	tt0000009
nm0063412	Ramón de Baños	1890	1980	cinematographer,director,special_effects	tt4450854,tt0175951,tt0014345,tt0001532
nm0063413	Ricardo de Baños	1884	1939	director,cinematographer,writer	tt0000941,tt0002886,tt0024495,tt0004406
nm0064415	William Beaudine	1892	1970	director,assistant_director,writer	tt0036382,tt0036833,tt0035640,tt0034689
nm0065035	Mrs. William Bechtel	1861	1938	actress	tt0158877,tt0213394,tt0003682,tt0007230
nm0065393	Denise Becker	\N	\N	actress	tt0000511,tt0183937,tt0949396
nm0066941	Ernst Behmer	1875	1938	actor	tt0027351,tt0020719,tt0024724,tt0264166
nm0069325	Eleanor Robson Belmont	1879	1979	writer,actress	tt0020998,tt1204146,tt0000486,tt0033452
nm0072493	Frank R. Benson	1858	1939	actor,director,production_designer	tt0001857,tt0001715,tt0001761,tt0125529
nm0076202	Dorothy Bernard	1890	1955	actress	tt0008494,tt0012849,tt0005630,tt0009309
nm0076800	Sarah Bernhardt	1844	1923	actress,writer,miscellaneous	tt0001175,tt0008359,tt0200269,tt0202209
nm0076933	Bleuette Bernon	1878	1937	actress	tt0000230,tt0131934,tt0000465
nm0077702	Berryer	\N	\N	actor	tt0000971
nm0078116	Francesca Bertini	1892	1985	actress,producer,writer	tt0009715,tt0193434,tt0183433,tt0003637
nm0078562	Ilona Hegedüsné Berzétey	1876	1962	actress	tt0241741,tt0000376,tt0242127
nm0079813	William Bewer	1867	1965	actor	tt2421336,tt2426358,tt2429576,tt0129322
nm0081288	Rudolf Biebrach	1866	1938	actor,director,cinematographer	tt0434182,tt0441444,tt0010636,tt0440056
nm0082349	Svend Bille	1890	1973	actor	tt0124925,tt0033327,tt0124270,tt2425898
nm0083196	Santiago Biosca	\N	\N	cinematographer	tt0000165
nm0084690	Jacques Bizeul	1882	1925	cinematographer	tt0010499,tt0009455,tt0010440,tt0010104
nm0084830	Rasmus Bjerregaard	1882	1917	cinematographer	tt0001358,tt0000566,tt0000559,tt0000541
nm0085156	Alexander Black	1859	1940	director,writer,cinematographer	tt0000009
nm0085865	J. Stuart Blackton	1875	1941	director,producer,miscellaneous	tt0013182,tt0010054,tt0010481,tt0016955
nm0085870	Paula Blackton	1881	1930	actress,writer,director	tt0010374,tt0143244,tt0143898,tt0000528
nm0086082	Lujza Blaha	1850	1926	actress	tt0000376,tt0007112
nm0086982	Luis Blanca	\N	\N	actor	tt0000664
nm0088881	August Blom	1869	1947	director,actor,producer	tt0002646,tt0121456,tt2345521,tt0128813
nm0091426	Hermann Boettger	1878	\N	cinematographer	tt0002628,tt0497119,tt0981014,tt6021542
nm0091767	Francis Boggs	1870	1911	director,writer,producer	tt0144960,tt0361473,tt0000679,tt0361398
nm0092290	Curt Bois	1901	1991	actor,soundtrack,director	tt0034583,tt0093191,tt0042474,tt0048162
nm0092809	Rolf Boldrewood	1826	1915	writer	tt0011635,tt0000615,tt0001531,tt0050904
nm0093361	Heinrich Bolten-Baeckers	1871	1938	producer,director,writer	tt3894936,tt0356802,tt0497119,tt4723266
nm0094801	Mario Bonnard	1889	1965	director,actor,writer	tt0196024,tt0021397,tt0022766,tt0024691
nm0094975	Max Bonnet	\N	\N	actor,cinematographer	tt0188669,tt0000511,tt0192716,tt0013868
nm0095714	Herbert Booth	1862	1926	director,writer,soundtrack	tt0000335,tt4723390,tt0475150
nm0095816	Walter R. Booth	1869	1938	director,writer,actor	tt0000363,tt0000790,tt0212441,tt0212507
nm0097421	Jaime Borrás	\N	\N	actor	tt0004366,tt0003832,tt0004218,tt0003836
nm0097743	Alberto Bosch	\N	\N	actor	tt0000655
nm0097769	José María Bosch	\N	\N	writer,director,actor	tt0000830
nm0097918	Romeo Bosetti	1879	1948	director,actor,writer	tt0481075,tt0481793,tt0482316,tt0481100
nm0098376	Hobart Bosworth	1867	1943	actor,director,writer	tt0003362,tt0015624,tt0003731,tt0020992
nm0099105	Dion Boucicault	1822	1890	writer	tt0010325,tt0021023,tt0346791,tt0350544
nm0099901	Gérard Bourgeois	1874	1944	director,writer	tt0201617,tt0201608,tt0451436,tt0198415
nm0100664	Berthe Bovy	1887	1977	actress	tt0040114,tt0202418,tt0432585,tt0442608
nm0102510	Bozo	\N	\N	actor	tt0000885
nm0102858	Clara T. Bracy	1848	1941	actress	tt0001439,tt0002391,tt0001458,tt0014982
nm0103755	William A. Brady	1863	1950	miscellaneous,producer,writer	tt0006101,tt0007694,tt0009655,tt0195880
nm0104856	Aage Brandt	1889	1970	actor,director,writer	tt0127039,tt0127029,tt2358410,tt8929814
nm0106151	Jack Brawn	1869	1943	actor	tt0157660,tt0005554,tt0005690,tt0000546
nm0111753	Van Dyke Brooke	1859	1921	director,actor,writer	tt0000808,tt0007630,tt0222316,tt0163059
nm0112631	Valentine Brouat	\N	\N	actress	tt0000325,tt0000326,tt0000305
nm0115162	Ethel Browning	1877	1965	actress,writer	tt0447037,tt0000887,tt0014744,tt0009543
nm0115203	Robert Browning	1812	1889	writer,soundtrack	tt0195881,tt0004835,tt0190301,tt0157653
nm0115524	Kate Bruce	1860	1946	actress	tt0014604,tt0000909,tt0006745,tt0441239
nm0119138	Kenean Buel	1880	1948	director,writer,actor	tt0008829,tt0009019,tt0009782,tt0179541
nm0119164	Edith Buemann	1879	1968	actress	tt2421546,tt2189300,tt2421432,tt2421298
nm0120272	Edward George Bulwer-Lytton	1803	1873	writer	tt0054422,tt0003489,tt0015944,tt0004532
nm0122665	Frank Burns	\N	\N	actor	tt0438647,tt0233821,tt0000679
nm0125164	William J. Butler	1860	1927	actor,writer	tt0001405,tt0459338,tt0425868,tt0175668
nm0125509	Artur Buxens	\N	\N	actor	tt0000791
nm0130633	André Calmettes	1861	1942	director,actor,writer	tt0237838,tt0001175,tt0002461,tt3096726
nm0131750	Walter Cameron	1872	1942	actor,cinematographer	tt0004760,tt0000439,tt0010346
nm0135493	Dante Cappelli	\N	\N	actor,director	tt0923008,tt0130684,tt0001112,tt0160116
nm0136241	Adela Carboné	\N	\N	actress	tt0001602,tt0050224,tt0050116,tt0043375
nm0137414	Will Carleton	1845	1912	writer	tt0001824,tt0011549,tt0022241,tt0414176
nm0140054	Joaquín Carrasco	\N	1968	actor,make_up_department	tt0017105,tt0033004,tt0038625,tt0042574
nm0140902	Lewis Carroll	1832	1898	writer,soundtrack,miscellaneous	tt2567026,tt7350572,tt1014759,tt0043274
nm0141150	Michel Carré	1865	1945	director,writer,actor	tt0431913,tt0000591,tt0433594,tt0433554
nm0142567	Louise Carver	1869	1956	actress,writer	tt0000754,tt0021115,tt0023399,tt0020691
nm0143083	Roberto Casaux	1885	1929	actor	tt0303646,tt0000692,tt0304427
nm0143332	Maria Caserini	\N	1969	actress	tt0216566,tt0188942,tt0185496,tt0000609
nm0143333	Mario Caserini	1874	1920	director,actor,writer	tt0008947,tt0003489,tt0123246,tt0000609
nm0145909	Juan Catalá	\N	\N	actor,art_department	tt0031574,tt0031274,tt0047663,tt0043395
nm0148859	Miguel de Cervantes y Saavedra	1547	1616	writer,soundtrack	tt7153604,tt4205112,tt6151214,tt0023956
nm0150432	Robert W. Chambers	1865	1933	writer,miscellaneous	tt0006541,tt0009936,tt0009114,tt0006719
nm0151209	Anna Chance	1879	1943	actress	tt0370806,tt0021350,tt0447241,tt0000310
nm0152323	Charles Chapman	1877	1944	actor,art_director,miscellaneous	tt0000754,tt0010231,tt0002673,tt0000966
nm0159015	Segundo de Chomón	1871	1929	director,cinematographer,writer	tt0001366,tt0001113,tt0881394,tt0001364
nm0160280	Al Christie	1881	1951	producer,director,writer	tt0464718,tt0032566,tt0010211,tt0005785
nm0161366	Fred Church	1889	1983	actor,director,writer	tt0006687,tt8918630,tt0002440,tt0245697
nm0163468	José Claramunt	\N	\N	actor,director,writer	tt0018866,tt0000723,tt0013043,tt0002325
nm0163559	Verner Clarges	1846	1911	actor	tt1499626,tt0001405,tt0001452,tt1529663
nm0164281	May Clark	1885	1971	actress	tt0000309,tt1181477,tt0000498,tt0000420
nm0166153	María Clemente	\N	\N	actress	tt0000655,tt0295858
nm0166380	François Clerc	\N	\N	actor	tt0000014
nm0166633	Jack Clifford	1880	1956	actor	tt0437570,tt0000557,tt0004695,tt0243946
nm0167619	Byers Coates	\N	\N	cinematographer	tt0000615,tt0203505
nm0168503	José María Codina	\N	1936	director,writer,cinematographer	tt0008284,tt0009414,tt0008970,tt0003465
nm0168621	Buffalo Bill Cody	1846	1917	writer,producer,actor	tt0021643,tt0016869,tt0486270,tt0020999
nm0169009	James Cogan	\N	1921	actor,writer	tt0009024,tt0000650
nm0169871	Émile Cohl	1857	1938	director,animation_department,writer	tt1003400,tt1003447,tt0794279,tt1003497
nm0170118	Bella Cola	\N	\N	actress	tt0000574
nm0170183	Victor Colani	1895	1957	actor	tt7417070,tt11272014,tt0013829,tt0830870
nm0171586	José Coll	\N	\N	actor	tt0000805
nm0172118	Alf Collins	1866	1951	director,actor,cinematographer	tt1275784,tt0318008,tt1298749,tt1296359
nm0173774	Luca Comerio	1878	1940	producer,director,cinematographer	tt1466966,tt1498739,tt0925272,tt0479515
nm0173994	John R. Cumpson	1866	1913	actor	tt0000892,tt0351380,tt1045141,tt0000974
nm0176699	Jack Conway	1887	1952	director,actor,producer	tt0019400,tt0016300,tt0025173,tt0025948
nm0177862	Arthur Melbourne Cooper	1874	1961	director,writer,cinematographer	tt1735401,tt1266645,tt1265639,tt1254274
nm0177886	Bigelow Cooper	1878	1953	actor	tt0006210,tt0017553,tt0214566,tt0468152
nm0178126	James Fenimore Cooper	1789	1851	writer	tt0042602,tt10165794,tt0104691,tt0039729
nm0179163	James J. Corbett	1866	1933	actor,writer	tt0003730,tt0163131,tt0034778,tt0003116
nm0180466	Arthur Cornwall	\N	\N	art_department,director,art_director	tt0029603,tt0028956,tt0027954,tt0000592
nm0180492	George Cornwell	\N	\N	director	tt0000592
nm0180860	João Freire Correia	\N	\N	producer,director,cinematographer	tt0000836,tt0001563,tt4433708,tt0000580
nm0182052	Manuel Maria da Costa Veiga	\N	\N	director,cinematographer,executive	tt0001382,tt0000366,tt0000221,tt0009193
nm0182537	Dolores Costello	1903	1979	actress,soundtrack	tt0017973,tt0035015,tt0027893,tt0018218
nm0182557	Helene Costello	1906	1957	actress,soundtrack	tt0018724,tt0017154,tt0019873,tt0019096
nm0182945	Victor de Cottens	1862	1956	writer,actor	tt0197972,tt0189893
nm0183817	Helen Courtenay	\N	\N	actress	tt0000519,tt0134093,tt0178083
nm0183823	William Courtenay	1875	1933	actor	tt0020355,tt0000009,tt0021535,tt0020403
nm0183947	Peter Courtney	1867	1896	actor	tt0000007
nm0185426	Ignacio Coyne	\N	\N	cinematographer,director,writer	tt0000959,tt0001069,tt0001007,tt0000814
nm0185803	Charles Craig	1877	1972	actor	tt0196566,tt0007927,tt0184032,tt0012378
nm0187981	Donald Crisp	1882	1974	actor,director,writer	tt0030287,tt0009968,tt0033729,tt0032145
nm0188943	Juan Cros	\N	\N	actor	tt0000805
nm0189000	James A. Crosby	1875	1949	cinematographer,visual_effects	tt0004207,tt0000611,tt0008215,tt0004457
nm0191133	Antonio Cuesta	\N	\N	director,cinematographer,writer	tt0002763,tt0000584,tt0000739,tt0002743
nm0191885	Dwight Cummings	1902	1985	writer	tt0000746,tt0023381
nm0194088	Narciso Cuyàs	\N	\N	director,cinematographer,writer	tt0176294,tt0000675,tt0001201,tt0175889
nm0194945	Jehanne d'Alcy	1865	1956	actress,costume_designer	tt0000075,tt0000235,tt0131934,tt0000234
nm0195544	René d'Auchy	\N	\N	actor,director	tt0192873,tt0194295,tt0000970,tt0451302
nm0196787	Berthe Dagmar	1881	1934	actress,director,assistant_director	tt0493016,tt0268062,tt0493773,tt0493015
nm0198154	Fidel Dalmau	\N	\N	actor	tt0000664
nm0201558	Daroqui	\N	\N	actor	tt0000655
nm0202590	Dorothy Davenport	1895	1977	actress,writer,producer	tt0008329,tt0014747,tt0014141,tt0460134
nm0205986	J. Searle Dawley	1877	1949	director,writer,cinematographer	tt0008563,tt0008726,tt0009549,tt0008349
nm0206801	Charles T. Dazey	1855	1938	writer,editor	tt0009372,tt0026524,tt0009411,tt0013288
nm0207305	Jeanne-Marie Leprince de Beaumont	1711	1780	writer	tt0051312,tt0038348,tt2316801,tt0078054
nm0209738	Giuseppe de Liguoro	1869	1944	director,actor,writer	tt0001377,tt0166545,tt0189846,tt0002130
nm0211191	Charles de Rochefort	1879	1952	actor,director,cinematographer	tt0142088,tt0173386,tt0211613,tt0137153
nm0214243	André Deed	1879	1940	actor,director,writer	tt0413103,tt0451293,tt0337377,tt1230240
nm0214651	Adele DeGarde	1899	1966	actress	tt0163059,tt0000792,tt0008781,tt0001077
nm0215516	Ubaldo Maria Del Colle	1883	1958	director,actor,writer	tt1042477,tt0173830,tt0456623,tt0821978
nm0215752	Antonio del Pozo	\N	\N	actor	tt0000502
nm0218953	Rhoda Dendron	1884	1970	actress	tt0000615
nm0220460	Germaine Dermoz	1888	1966	actress	tt0242280,tt0030667,tt0304546,tt0021638
nm0221883	Otto Detlefsen	1881	1963	actor,writer	tt0130014,tt2364254,tt0130084,tt2436544
nm0226992	Edward Dillon	1879	1933	actor,director,writer	tt0017811,tt0010902,tt0016678,tt0010236
nm0227021	John T. Dillon	1876	1937	actor	tt0001319,tt0001217,tt0001949,tt0768141
nm0227919	Hector Dion	1881	1943	actor,writer	tt0006895,tt0429875,tt0000734,tt0339667
nm0229900	F.A. Dobson	1866	1948	cinematographer,director,actor	tt0005377,tt0234736,tt0003655,tt3476940
nm0232370	Cesare Dondine	\N	\N	actor	tt1184723,tt1080919,tt0000998,tt0160116
nm0234288	Aurélio da Paz dos Reis	1862	1931	director,cinematographer,producer	tt2194649,tt2205597,tt0000117,tt2205447
nm0234670	Carl Schenstrøm	1881	1942	actor,director	tt0123899,tt0125395,tt0125588,tt0125017
nm0236279	Arthur Conan Doyle	1859	1930	writer,producer,actor	tt1475582,tt0086661,tt0163492,tt0988045
nm0238900	George L. Du Maurier	1834	1896	writer	tt0026866,tt0048680,tt0022454,tt0012188
nm0240418	William Duff	\N	\N	actor,cinematographer	tt0000615
nm0241414	Alexandre Dumas fils	1824	1895	writer,soundtrack	tt0012027,tt12037138,tt0046456,tt0064122
nm0241416	Alexandre Dumas	1802	1870	writer,soundtrack	tt1509767,tt0108333,tt0245844,tt0120744
nm0242155	Jean-Benoît Dunckel	1969	\N	soundtrack,composer,actor	tt0335266,tt0815245,tt0147800,tt0159097
nm0243017	Erich Dunskus	1890	1967	actor,producer,sound_department	tt7127774,tt0000847,tt0024724,tt0028973
nm0243651	Durafour	\N	\N	actor	tt0192294,tt0020656,tt4824072,tt0255823
nm0243796	Jean Durand	1882	1946	director,writer,assistant_director	tt0268062,tt0493015,tt0160625,tt0493016
nm0243918	José Durany	\N	\N	actor	tt2901784,tt0011544,tt0004571,tt0009039
nm0244989	Benoît Duval	1881	\N	actor	tt0000014
nm0246715	Porfirio Díaz	1830	1915		tt0391523,tt0391392,tt0387638,tt0000856
nm0246950	Kurt Dürnhöfer	1886	1958	art_director,production_designer,cinematographer	tt0026314,tt0004377,tt0343065,tt0010667
nm0249379	Thomas A. Edison	1847	1931	producer,director	tt0256969,tt0004457,tt0361066,tt0242312
nm0250480	Walter Edwin	1868	\N	director,actor	tt0005426,tt0006726,tt0006025,tt0003545
nm0250635	María Ega	\N	\N	actress	tt0000723
nm0250676	Gladys Egan	1900	1985	actress	tt0000629,tt0000640,tt0000628,tt0000644
nm0250983	Ann Eggleston	1866	1934	actress	tt0000519,tt0012069,tt0009782,tt0010566
nm0251436	N. Eiberg	\N	\N	actor	tt0001049,tt0000794
nm0252720	El Mochuelo	\N	\N	actor	tt0000502
nm0253298	Peter Elfelt	1866	1931	director,cinematographer,producer	tt0000442,tt0447976,tt1206579,tt1254744
nm0253652	George Eliot	1819	1880	writer	tt0029245,tt0047756,tt0031741,tt1019448
nm0256651	Empress Augusta Victoria	1858	1921		tt4385830,tt0000024,tt4452584,tt1082166
nm0257788	Frans Engström	1873	1940	cinematographer,producer,director	tt0324410,tt0138846,tt0202400,tt0229216
nm0257866	Adolphe d'Ennery	1811	1899	writer,soundtrack	tt0000499,tt0010949,tt0012532,tt0056473
nm0259860	Margery Bonney Erskine	1864	1949	actress	tt0003480,tt0002379,tt0005519,tt0005795
nm0260089	Line Eshrard	\N	\N	actress	tt2626388,tt1194293,tt0000388
nm0261789	Antonia Estrada	\N	\N	actress	tt0000542
nm0262757	Frank Evans	1849	1934	actor	tt0362731,tt0001459,tt0000898,tt0001283
nm0264569	Kate Fabian	1870	1929	actress,writer	tt0123135,tt0163578,tt2357484,tt2436368
nm0264710	Fabienne Fabrèges	1889	\N	actress,director,writer	tt0438336,tt1062376,tt0922900,tt0438259
nm0265289	Milton J. Fahrney	1872	1941	director,writer,actor	tt0484679,tt0484654,tt0484700,tt0016719
nm0265714	Geoffrey Faithfull	1893	1979	cinematographer,camera_department,director	tt0177852,tt0025925,tt0054443,tt0150610
nm0266080	Ugo Falena	1875	1931	director,writer,actor	tt0924279,tt0331044,tt0383482,tt0396759
nm0271357	Josep Feliú i Codina	1845	1893	writer	tt0013995,tt0012665,tt0032399,tt0013850
nm0272889	Nascimento Fernandes	1881	1955	actor,director,writer	tt0010503,tt0010845,tt0000613,tt0034461
nm0274368	Lino Ferreira	1884	1939	actor,director,writer	tt0000613,tt0000836,tt0013004,tt0001563
nm0275421	Louis Feuillade	1873	1925	director,writer,producer	tt0014897,tt0006206,tt0009905,tt2122391
nm0277411	Flora Finch	1867	1940	actress,producer	tt0018297,tt0195569,tt0017739,tt0142721
nm0278321	Antonio Fino	\N	\N	actor	tt0000165,tt0427588
nm0280432	Lewin Fitzhamon	1869	1961	director,writer,actor	tt1999864,tt2082477,tt2104113,tt2141791
nm0280615	Bob Fitzsimmons	1863	1917		tt4655120,tt0302719,tt0230692,tt0232530
nm0285947	Eugenie Forde	1879	1940	actress	tt0017132,tt0184451,tt0157487,tt0013909
nm0285961	Victoria Forde	1896	1964	actress,writer,director	tt0329786,tt0007554,tt0329787,tt0329789
nm0288616	Frank Powell	\N	\N	director,actor,writer	tt0008334,tt0005930,tt0006741,tt0005363
nm0292418	Jack Frawley	\N	\N	director,cinematographer,writer	tt0212822,tt3473580,tt3441612,tt3441556
nm0294022	Elvira Fremont	\N	\N	actress	tt0000941
nm0294276	Theo Frenkel	1871	1956	director,actor,writer	tt0010946,tt0014170,tt0010076,tt0006318
nm0298300	Martin Fuller	\N	\N	actor	tt0002471,tt0002259,tt0000488,tt0441223
nm0298301	Mary Fuller	1888	1973	actress,writer	tt0005720,tt0006837,tt0003127,tt0001257
nm0302368	Donald Gallaher	1895	1961	actor,director,miscellaneous	tt0029541,tt0020275,tt0020221,tt0021457
nm0302647	Señor Gallart	\N	\N	actor	tt0000673,tt0000885
nm0303066	Mario Gallo	1878	1945	director,producer	tt0190999,tt0191402,tt0191561,tt0191294
nm0304098	Abel Gance	1889	1981	writer,director,editor	tt0025027,tt0014417,tt0018192,tt0066855
nm0304862	Ferruccio Garavaglia	1868	1912	actor	tt1065465,tt0929464,tt0000998,tt0123088
nm0305591	Angel García Cardona	\N	\N	director,cinematographer	tt0266317,tt3159952,tt0000584
nm0307872	Robert-Jules Garnier	1883	1958	production_designer,art_director,set_decorator	tt0006206,tt0438377,tt0006886,tt0009905
nm0310155	Gene Gauntier	1885	1966	actress,writer,director	tt0233795,tt0234671,tt0255219,tt0255151
nm0311375	George Gebhardt	1879	1919	actor,director	tt0000640,tt0000787,tt0168581,tt0005935
nm0312148	José María Gelabert	\N	\N	writer	tt0000723
nm0316220	Joseph Giampietro	1866	1913	actor	tt0271598,tt0000847
nm0317210	W.A. Gibson	1870	1929	producer	tt0000574
nm0317715	Antonio Gil Varela 'Varillas'	1895	1937	actor,director	tt0013544,tt0028166,tt0012999,tt0016165
nm0324073	Nicolas Godin	1969	\N	soundtrack,composer,actor	tt0159097,tt0147800,tt0335266,tt0815245
nm0324473	Johann Wolfgang von Goethe	1749	1832	writer,soundtrack	tt0985699,tt0298845,tt12380806,tt4128226
nm0327201	Vasili Goncharov	1861	1915	director,writer,actor	tt0202131,tt0191382,tt0207193,tt0348306
nm0330352	Julia Swayne Gordon	1878	1933	actress	tt0192418,tt0007105,tt0014631,tt0004452
nm0331049	Charles Gorman	1865	1928	actor	tt0009721,tt0406938,tt0451334,tt0248484
nm0332182	Henri Gouget	\N	\N	actor	tt3752844,tt0400955,tt0311681,tt0443196
nm0333175	Axel Graatkjær	1885	1969	cinematographer,director,actor	tt0000988,tt0010953,tt0000599,tt0013496
nm0335788	Charley Grapewin	1869	1956	actor,soundtrack,writer	tt0028096,tt0032551,tt0026056,tt0032138
nm0338379	Tom Green	1852	1942	director,actor,writer	tt1254736,tt1254761,tt0000172,tt0213840
nm0339765	Carl Gregory	1882	1951	cinematographer,director,writer	tt0196720,tt0442098,tt0437659,tt0495944
nm0340020	René Gréhan	\N	\N	actor	tt1244117,tt3053504,tt1802472,tt0368755
nm0340719	Zane Grey	1872	1939	writer,director,actor	tt0024366,tt2363436,tt0027551,tt0018092
nm0346090	Señora Guerra	\N	\N	actress	tt0000632,tt0004482,tt0000885
nm0346387	Arthur Guest	1857	1937	actor	tt0000615
nm0346933	Luis Guilemany	\N	\N	actor	tt0000655
nm0347320	Àngel Guimerà	1847	1924	writer,director,soundtrack	tt0191561,tt0046431,tt0014345,tt0004306
nm0347565	Enrique Guitart padre	\N	\N	actor	tt0000622,tt0003807
nm0347566	Enrique Guitart	1909	1999	actor	tt0038921,tt0042406,tt0203156,tt0043011
nm0347571	Trini Guitart	\N	\N	actress	tt0000622
nm0349492	Eliseo Gutiérrez	1885	1929	actor	tt0191402,tt4622708,tt0000692,tt0190999
nm0349785	Alice Guy	1873	1968	director,producer,writer	tt0003365,tt0005790,tt0004833,tt0003676
nm0353575	Walter Haggar	1880	1953	actor	tt0231445,tt0892114,tt0000520,tt0000722
nm0353576	William Haggar	1851	1925	director,producer,editor	tt0989882,tt0925256,tt0925290,tt0925292
nm0353584	H. Rider Haggard	1856	1925	writer	tt5249144,tt0089421,tt2292558,tt0029081
nm0354726	Louis Halberstadt	1880	1961	director	tt0000559,tt0000566
nm0354803	Edith Haldeman	1905	1984	actress	tt0350639,tt0328061,tt0223155,tt0373100
nm0357890	Gustave Hamilton	1871	1951	actor	tt0039179,tt0026859,tt0143249,tt1209428
nm0358349	Joë Hamman	1883	1974	actor,director,writer	tt0156582,tt0365676,tt0443311,tt0486302
nm0364516	Caroline Harris	1866	1937	actress	tt0007243,tt0006638,tt0005682,tt0007743
nm0366008	Robert Harron	1893	1920	actor,art_department,cinematographer	tt0006864,tt0006826,tt0008379,tt0009559
nm0366511	Ruth Hart	1886	1952	actress	tt0001067,tt0001079,tt0001283,tt0000907
nm0366586	William S. Hart	1864	1946	actor,director,producer	tt0008362,tt0010476,tt0009550,tt0009600
nm0366609	Betty Harte	1882	1965	actress,writer	tt0443818,tt0001873,tt0234847,tt0354677
nm0366610	Bret Harte	1836	1902	writer	tt0009709,tt0014907,tt0013173,tt0016072
nm0368434	Karl Hasselmann	1883	1966	cinematographer,actor	tt0014447,tt0013469,tt0129887,tt0033471
nm0369058	Raymond Hatton	1887	1971	actor,soundtrack	tt0024663,tt0050545,tt0031528,tt0034505
nm0373341	Guy Hedlund	1884	1964	actor,director,writer	tt0370626,tt0001459,tt0495860,tt0001217
nm0374658	William Heise	1847	1910	cinematographer,director,producer	tt0241715,tt0229665,tt0241393,tt0285863
nm0376396	Dell Henderson	1883	1956	actor,director,writer	tt0181744,tt0011097,tt0011677,tt0019379
nm0376442	Grace Henderson	1860	1944	actress,writer	tt0001319,tt0000832,tt0002535,tt0001439
nm0376829	Anita Hendrie	1863	1940	actress	tt0001077,tt0000958,tt0000801,tt0000792
nm0377958	O. Henry	1862	1910	writer	tt0037600,tt0040168,tt0032341,tt0050045
nm0378407	Barbara Hepworth	1904	1997	actress	tt0350827,tt1196221,tt0000498
nm0378408	Cecil M. Hepworth	1873	1953	cinematographer,producer,director	tt0308231,tt0000309,tt0000420,tt0000498
nm0380965	Jean Hersholt	1886	1956	actor,director,soundtrack	tt0028988,tt0022660,tt0015881,tt0018451
nm0381874	André Heuzé	1880	1942	writer,director,actor	tt1171675,tt0451423,tt0451428,tt0000505
nm0384754	Violette Hill	\N	\N	actress	tt0000669
nm0386036	Carl Hintz	1869	1926	actor	tt2436368,tt2426100,tt2442724,tt0243938
nm0390479	Holger-Madsen	1878	1943	director,actor,writer	tt2232420,tt0127028,tt2401112,tt2275704
nm0393524	Thomas Hood	\N	\N	writer	tt1880356,tt0068149,tt0000764,tt0212119
nm0395216	E.W. Hornung	1866	1921	writer	tt0021281,tt0025833,tt0032963,tt0015569
nm0395438	David Horsley	1873	1933	producer,miscellaneous	tt0004733,tt0175718,tt0005736,tt0157741
nm0400103	Ángel Huerta	\N	\N	cinematographer	tt0000739,tt0000584
nm0401076	Victor Hugo	1802	1885	writer,soundtrack	tt1084958,tt1707386,tt0116583,tt0119683
nm0401368	Gladys Hulette	1896	1991	actress,writer	tt0017206,tt0175724,tt0014874,tt0012763
nm0401967	William Humphrey	1863	1942	actor,director,writer	tt0010997,tt0223437,tt0167013,tt0009891
nm0408433	Ralph Ince	1887	1937	director,actor,writer	tt0003391,tt0012280,tt0004229,tt0017358
nm0408436	Thomas H. Ince	1880	1924	producer,miscellaneous,director	tt0002669,tt0005166,tt0005193,tt0005149
nm0409390	Charles Inslee	1870	1922	actor,director,writer	tt0000748,tt0000628,tt0011908,tt0000629
nm0410331	Washington Irving	1783	1859	writer	tt3055374,tt9899970,tt0051312,tt0162661
nm0419327	Victorin-Hippolyte Jasset	1862	1913	director,writer,assistant_director	tt0311681,tt0445268,tt0400955,tt0002588
nm0420198	Joseph Jefferson	1829	1905	actor,writer	tt0000464,tt0012627,tt0006030,tt0004537
nm0421454	Gerda Jensen	\N	\N	actress	tt2951780,tt0000588,tt0000555
nm0421945	Rigmor Jerichau	1887	1960	actress	tt0001240,tt0129172,tt0130997,tt0001258
nm0422149	Margrete Jespersen	1881	1947	actress	tt0000541,tt2439452,tt0000556,tt2439392
nm0422465	Ethel Jewett	1877	1944	actress	tt0495439,tt0012684,tt0005335,tt0842803
nm0422809	Eduardo Jimeno	\N	\N	director,cinematographer	tt0000167,tt2271585
nm0422930	Enrique Jiménez	\N	\N	actor,director	tt0000673,tt0000885,tt0176294,tt0003746
nm0424530	Arthur V. Johnson	1876	1916	actor,director,writer	tt0000628,tt0000697,tt0003675,tt0337827
nm0425854	Millard Johnson	1871	\N	writer,cinematographer,producer	tt0000574,tt0794362
nm0435118	Kaiser Wilhelm II	1859	1941		tt0454492,tt0000024,tt0435650,tt0418783
nm0443482	Charles Kayser	1878	1966	actor	tt0000005
nm0448667	Betty Kent	\N	\N	actress	tt0000634
nm0448682	Charles Kent	1852	1923	actor,director,writer	tt0338498,tt0327479,tt0002031,tt0328057
nm0449435	Aurel Kern	1871	1928	composer	tt0000376
nm0453315	Eero Kilpi	1882	1954	actor	tt0138560,tt0047499,tt0125935,tt0133909
nm0454367	King Alfonso XIII	1886	1941		tt0449380,tt0331553,tt0000216,tt0176562
nm0454375	King Frederik VIII	1843	1912		tt0420720,tt1187029,tt0484990,tt0417730
nm0455237	Rose King	1884	1967	actress	tt0001033,tt0000833,tt0000981,tt0421916
nm0456804	James Kirkwood	1876	1963	actor,director,writer	tt0010292,tt0006662,tt0009218,tt0373192
nm0462306	Geneviève Koch	\N	\N	actress	tt0000351,tt0000378,tt0000360
nm0464189	Klara Kollent	\N	\N	actress	tt0000847
nm0466448	Kornerek	\N	\N		tt0000376
nm0470250	Robert Krause	\N	\N	production_designer	tt0000535,tt0000555,tt0000583,tt0000617
nm0471818	Jan Krízenecký	1868	1921	director,cinematographer	tt8742662,tt0000174,tt0000190,tt0393525
nm0480825	Paul Laffitte	1864	1949	writer	tt0030700,tt0026446
nm0483056	Albert Lambert	1865	1941	actor	tt0481900,tt0459750,tt0435327,tt0000637
nm0488932	Viggo Larsen	1880	1957	director,actor,producer	tt6379282,tt0000883,tt0460248,tt0002157
nm0491819	Henri Lavedan	1859	1940	writer	tt0191978,tt0459750,tt0898272,tt4960338
nm0492757	Florence Lawrence	1886	1938	actress	tt0200577,tt0200909,tt0143358,tt0000754
nm0494039	Charles Le Bargy	1858	1936	actor,director	tt0237838,tt3946686,tt0435327,tt0000637
nm0495051	Carlos Leal	\N	\N	actor	tt0000613,tt0179706,tt0000836
nm0502701	Marion Leonard	1881	1956	actress,writer	tt0000792,tt0002566,tt0339894,tt0003363
nm0502752	Robert Z. Leonard	1889	1968	director,actor,producer	tt0020827,tt0027698,tt0005575,tt0013487
nm0503227	Vittoria Lepanto	1885	1965	actress	tt0000998,tt0270217,tt0212022,tt0383482
nm0509478	Theodore A. Liebler Jr.	1886	1975	writer	tt0004179,tt0014517,tt0143154,tt0000501
nm0509806	Jean Liézer	\N	\N	actor	tt0020656,tt0256077,tt0256067,tt0190433
nm0511080	Schiøler Linck	1878	1952	actor	tt0253282,tt0018428,tt0000862,tt0124297
nm0511729	Max Linder	1883	1925	actor,director,writer	tt0013674,tt0127834,tt0010562,tt0011948
nm0515873	María Llorente	\N	\N	actress	tt0000723
nm0518132	Ella Lola	1883	\N		tt0241000,tt0000192
nm0518711	Jack London	1876	1916	writer,actor	tt5515966,tt7504726,tt0019787,tt6412452
nm0519303	Henry Wadsworth Longfellow	1807	1882	writer,soundtrack	tt0013735,tt3947816,tt0040977,tt0051312
nm0519310	Stephanie Longfellow	1882	\N	actress	tt0000807,tt0001050,tt0001243,tt0362828
nm0520524	André de Lorde	1871	1933	writer,actor	tt0489953,tt0038477,tt0021627,tt0199712
nm0520648	María Lorente	\N	\N	actress	tt0000622
nm0523316	Emily Lowry	1909	1959	actress	tt0204534,tt0023769,tt0204530,tt0212904
nm0524306	Wilfred Lucas	1871	1940	actor,director,writer	tt0010168,tt0027977,tt0009393,tt0009560
nm0525876	Knud Lumbye	1875	1938	actor,writer,director	tt0253282,tt0456632,tt2358534,tt2349898
nm0525900	Mrs. Auguste Lumiere	1874	1963		tt0221930,tt0222259,tt0791136,tt0000012
nm0525907	Antoine Lumière	1840	1911		tt0151416,tt0221930
nm0525908	Auguste Lumière	1862	1954	producer,director,actor	tt0000012,tt8488118,tt1188712,tt8485720
nm0525910	Louis Lumière	1864	1948	producer,director,cinematographer	tt0000014,tt6231346,tt1167665,tt1736627
nm0526168	Gustav Lund	\N	\N	actor,director,writer	tt0000758,tt0000595,tt0000583,tt0020378
nm0526190	Jørgen Lund	1873	1941	actor,production_designer,director	tt0005529,tt0124925,tt2409490,tt0001195
nm0531584	Marc McDermott	1871	1929	actor	tt0014972,tt0001576,tt0011002,tt0350688
nm0532622	Alfred Machin	1877	1929	director,writer,cinematographer	tt1915565,tt0444888,tt0015006,tt0444886
nm0533958	Charles MacMahon	1861	1917	director,writer,producer	tt0203505,tt0000615
nm0534221	Jeanie Macpherson	1886	1946	actress,writer,director	tt0001405,tt0004325,tt0463216,tt0005059
nm0535230	Mads Anton Madsen	1880	1968	cinematographer	tt0130065,tt0127054,tt0842716,tt0253282
nm0535957	Luigi Maggi	1867	1946	director,actor,writer	tt0000776,tt0821974,tt0279673,tt0202566
nm0536252	Pierre Magnier	1869	1959	actor,director,writer	tt0160166,tt0205311,tt0333609,tt0031885
nm0537222	Léon Mathot	1886	1968	actor,director,writer	tt0171593,tt0210171,tt0195586,tt0443311
nm0538186	Charles Major	1856	1913	writer	tt0014854,tt0013750,tt0015518,tt0006128
nm0542567	Charles Manley	1830	1916	actor	tt0000414,tt0004313,tt0000341,tt0000340
nm0542903	Nathaniel D. Mann	\N	\N	composer	tt0000679
nm0547329	Jeanne Marie-Laurent	1877	1964	actress	tt0006206,tt0016491,tt0020259,tt2122391
nm0547928	Marc Mario	\N	\N	actor,writer	tt0437953,tt0461420,tt0437419,tt0436093
nm0549760	José Marques	\N	\N	actor	tt0000664
nm0550220	Alberto Marro	1878	1956	director,writer,cinematographer	tt0003874,tt0004406,tt0004653,tt0004720
nm0554499	Juan Martí	\N	\N	actor	tt0000655
nm0555522	Arthur Marvin	1859	1911	cinematographer,director,camera_department	tt0300052,tt0291476,tt0000412,tt0233612
nm0556371	Antonio Masia	\N	\N	actor	tt0000165
nm0557471	Masso	\N	\N	actor	tt0000805
nm0558863	Julienne Mathieu	\N	\N	actress	tt0855777,tt1676956,tt0449867,tt0450195
nm0560943	Guy de Maupassant	1850	1893	writer	tt11212486,tt0019589,tt0057603,tt0953485
nm0561109	Clément Maurice	1853	1933	producer,director,cinematographer	tt0000306,tt1649437,tt0488574,tt0395983
nm0561489	Édouard de Max	1869	1924	actor	tt0178078,tt0259688,tt0014277,tt0177517
nm0563758	Juan Mañe	\N	\N	actor	tt0000165
nm0565560	Winsor McCay	1871	1934	writer,director,producer	tt0126880,tt0002260,tt0004008,tt11581382
nm0567363	Wallace McCutcheon	1862	1918	director,cinematographer,writer	tt0000546,tt0234341,tt0231757,tt1459457
nm0568282	Claire McDowell	1877	1966	actress	tt0015624,tt0016641,tt0011439,tt0012593
nm0577734	Gaston Méliès	1852	1915	producer,director,actor	tt2268248,tt1123935,tt0228141,tt0399512
nm0579494	Henri Ménessier	1882	1948	production_designer,art_director,set_decorator	tt0019855,tt0017917,tt0025027,tt0006541
nm0581353	George Merriman	1879	1934	actor	tt0000615
nm0581499	Violet Mersereau	1892	1975	actress	tt0013430,tt0009708,tt0015323,tt0247217
nm0582268	Oskar Messter	1866	1943	producer,director,writer	tt0455216,tt0007534,tt0842932,tt2271557
nm0582380	Metas	\N	\N	actress	tt0000632
nm0587097	David Miles	1871	1915	actor,director	tt0001077,tt1487950,tt1487900,tt1502880
nm0587134	Herbert Miles	\N	\N	actor	tt0000772,tt0001071,tt0000685,tt0000787
nm0588295	Elizabeth Miller	\N	\N	actress,writer	tt1225811,tt1276429,tt1215110,tt0002346
nm0592634	María Miró	\N	\N	actress	tt0000805,tt0000632
nm0595213	Ben Model	1962	\N	composer,music_department,producer	tt0845552,tt0107897,tt0000229,tt0013597
nm0595321	Gaston Modot	1887	1970	actor,writer,director	tt0028950,tt0267971,tt0031885,tt0037674
nm0596942	Molière	1622	1673	writer,soundtrack,miscellaneous	tt0017448,tt0026069,tt0154249,tt0017193
nm0599781	Frank Montgomery	1870	1944	director,actor,writer	tt0362090,tt0765204,tt0199435,tt0443818
nm0600341	Carlo Montuori	1885	1968	cinematographer,camera_department,director	tt0049839,tt0022524,tt0040522,tt0000656
nm0601061	Clement Moore	1779	1863	writer,soundtrack	tt0002392,tt3534894,tt6086270,tt6337052
nm0601698	Owen Moore	1884	1939	actor,writer,soundtrack	tt0011573,tt0004961,tt0012043,tt0029606
nm0601940	Thomas Moore	1779	1852	soundtrack,writer	tt0010325,tt1386588,tt0029076,tt5027774
nm0602663	Juan Morales	\N	\N	actor,set_decorator	tt0004345,tt0000514,tt0019844,tt0000622
nm0603447	Émile Moreau	1877	1959	writer	tt0177912,tt0178728,tt1000092,tt0016065
nm0604384	Harry T. Morey	1873	1936	actor,cinematographer,producer	tt0185913,tt0010289,tt0012937,tt0012444
nm0607104	Chick Morrison	1878	1924	actor	tt0013759,tt0011973,tt0005070,tt0006849
nm0607273	Pete Morrison	1890	1973	actor,producer,stunts	tt0016778,tt0016694,tt0014079,tt0016825
nm0609678	Alfred Moul	1852	1924	director	tt0000121
nm0609814	Jean Mounet-Sully	1841	1916	actor	tt0000886,tt0492275,tt0449855,tt0459917
nm0610618	Umberto Mozzato	1879	1947	actor,director,writer	tt0906559,tt0794148,tt0143149,tt0003740
nm0612348	Eugene Mullin	1894	1967	writer,director	tt0869991,tt0496154,tt0125564,tt0012629
nm0613214	L. Munsal	\N	\N	actor	tt0000723
nm0613286	Señora Muntal	\N	\N	actress	tt0000805
nm0615155	Marie Murray	1882	1967	actress	tt0136497,tt0000439,tt0002690,tt0000669
nm0617272	Emilia Márkus	1860	1949	actress	tt0242738,tt0241191,tt0027771,tt0240702
nm0617588	Georges Méliès	1861	1938	director,actor,producer	tt0215737,tt0002113,tt0223267,tt0000091
nm0618000	Valdemar Møller	1885	1947	actor	tt0459061,tt0271815,tt0124153,tt0124154
nm0622273	Francesca Nathansen	1864	\N	actress	tt0000442
nm0623817	Hazel Neason	1891	1920	actress,writer	tt0002261,tt0365423,tt0199551,tt0199325
nm0623866	Clara Nebelong	1881	1943	actress	tt0188039,tt3125484,tt2404004,tt2404012
nm0624446	Fernanda Negri Pouget	1889	1955	actress	tt0000630,tt0003489,tt0184691,tt0167871
nm0626131	Alberto Nepoti	1876	1937	actor,director	tt0212022,tt0000998,tt0160116,tt0173830
nm0629589	George Nichols	1864	1927	actor,director,writer	tt0339218,tt0012600,tt0013138,tt0015133
nm0630737	Arnold Richard Nielsen	1877	1951	writer	tt0000602,tt1799086,tt2951780,tt3125484
nm0631776	Linda Niko	1853	1905		tt0000376
nm0632577	Emilia Nirschy	1889	1976	actress	tt0000376,tt7126050
nm0634472	Alejandro Nolla	1881	1944	actor	tt0034876,tt0029251,tt0025949,tt0034864
nm0634629	Lucien Nonguet	1869	1955	director,writer,assistant_director	tt0249691,tt0458694,tt0459006,tt0459014
nm0635805	Frank Norris	1870	1902	writer	tt0015881,tt0005733,tt0013404,tt0004473
nm0639631	John B. O'Brien	1884	1936	actor,director,writer	tt0006583,tt0007667,tt0131387,tt4481158
nm0642722	Anthony O'Sullivan	1855	1920	actor,director,writer	tt0363671,tt0383512,tt0383713,tt0254875
nm0644728	Charles Ogle	1865	1940	actor,make_up_department	tt0008499,tt0011998,tt0011785,tt0012828
nm0646058	Sidney Olcott	1873	1949	director,actor,writer	tt0015145,tt0006027,tt1791509,tt0182778
nm0646844	Francisco Oliver	\N	\N	cinematographer,director,writer	tt0002040,tt0000799,tt0002511,tt0009230
nm0647719	Lauritz Olsen	1872	1955	actor,director,writer	tt2343712,tt2330466,tt2411058,tt0000583
nm0647763	Ole Olsen	1863	1943	producer,director,cinematographer	tt0008100,tt0000599,tt0128813,tt0002646
nm0648372	Roberto Omegna	1876	1948	director,cinematographer,writer	tt0208441,tt0788162,tt1620520,tt0906574
nm0651029	P. Ortin	\N	\N	actor	tt0005815,tt0000885,tt0000632
nm0652898	Elita Proctor Otis	1851	1927	actress	tt0000966,tt0000990,tt0011806,tt2304935
nm0653028	Fred Ott	1860	1936	assistant_director	tt0177707,tt0285265,tt0000008,tt0240514
nm0653042	John Ott	1850	1931	actor	tt0000005
nm0656425	Alfred Paget	1879	1919	actor,director	tt0007617,tt0006864,tt0005719,tt0384880
nm0657268	Miguel de Palacios	1863	1920	soundtrack,writer	tt0064102,tt0208070,tt0031112,tt0088954
nm0658775	Amleto Palormi	\N	\N	actor	tt0000950
nm0659947	Paul Panzer	1872	1958	actor,director	tt0009739,tt0019696,tt0000754,tt0000486
nm0661362	José Parera	\N	\N	actor	tt0000514
nm0665572	Charles Pathé	1863	1957	producer,director,writer	tt1029287,tt1029397,tt0002113,tt1012810
nm0666972	Robert W. Paul	1869	1943	producer,cinematographer,director	tt0000170,tt0202024,tt0250634,tt0001141
nm0667386	Charles Paulus	\N	\N	cinematographer,producer	tt0444711,tt0472997,tt0822042,tt7340824
nm0670740	Gyula Pekár	1867	1937	writer	tt0029099,tt0241662,tt0922523,tt4901496
nm0674185	Charles Perley	1885	1933	actor	tt0346721,tt0184032,tt0168581,tt0425868
nm0674518	Charles Perrault	1628	1703	writer	tt1587310,tt1661199,tt0053285,tt0042332
nm0674600	Léonce Perret	1880	1935	director,actor,writer	tt0009858,tt0003883,tt0438177,tt0319773
nm0675140	Joseph Perry	1863	1943	director,writer,cinematographer	tt0189574,tt0189984,tt2152022,tt2319712
nm0675239	Orrie Perry	1888	1950	cinematographer,actor	tt0000335,tt0000574,tt0336770,tt0322792
nm0675260	Reg Perry	1890	1981	actor,cinematographer	tt0006062,tt11106998,tt0000574,tt0000335
nm0675388	Guillermo Perrín	1875	1923	soundtrack,writer	tt0208070,tt0088954,tt0064102,tt0031112
nm0675544	Thomas Persons	1880	\N	director,cinematographer,editor	tt0000668,tt0221562,tt0157293,tt0221328
nm0676941	Robert Storm Petersen	1882	1949	actor,director,writer	tt0347136,tt0000583,tt0347275,tt1799086
nm0677318	Mortimer Peterson	1867	1920	producer	tt0196419,tt0199310,tt0000169
nm0677609	Valentine Petit	1873	1951	actress	tt0008572,tt0437827,tt0438000,tt0009275
nm0679086	Angelo Pezzaglia	1855	1915	actor	tt0192394,tt1219138,tt1178089,tt0000998
nm0680383	Edwin R. Phillips	1872	1915	actor,director	tt0343186,tt0001432,tt0247214,tt0339301
nm0680887	William Phillips	\N	\N	actor	tt0000634,tt0003790
nm0681927	Jack Pickford	1895	1933	actor,director,producer	tt0016832,tt0016690,tt0008687,tt0009574
nm0681933	Mary Pickford	1892	1979	actress,producer,writer	tt0008188,tt0010267,tt0019788,tt0024539
nm0684029	José Pineda	\N	\N	writer,actor	tt0000514,tt0379137,tt0002156,tt0439344
nm0684607	Francisco Pinto Moreira	\N	\N	director	tt0000053,tt0138358,tt0138450
nm0684773	Elith Pio	1887	1983	actor	tt0005529,tt0271815,tt0123943,tt2436426
nm0687752	Antonio Plácido	\N	\N	actor	tt0000696,tt0000664
nm0691994	Franz Porten	1859	1932	director,writer,actor	tt0000610,tt0492819,tt6223440,tt6350952
nm0691995	Henny Porten	1890	1960	actress,producer,writer	tt0010962,tt0022096,tt0021581,tt0012281
nm0691996	Rosa Porten	1884	1972	writer,actress,director	tt0928042,tt0980990,tt0928035,tt6223440
nm0692105	Edwin S. Porter	1870	1941	director,cinematographer,writer	tt1932747,tt0006279,tt0000757,tt0004654
nm0693275	Gertie Potter	\N	\N	actress	tt2010874,tt0000621,tt2184133,tt0172340
nm0696078	Eugene Wiley Presbrey	1853	1931	writer	tt0005968,tt0015569,tt0052111,tt0008489
nm0697563	Antonio Primo	\N	\N	actor	tt0000696
nm0697944	Herbert Prior	1867	1954	actor,writer,director	tt0017555,tt0003279,tt0002905,tt0008029
nm0698645	Alexandre Promio	1868	1926	director,cinematographer,writer	tt7647652,tt1741490,tt1192423,tt11662042
nm0698839	Yakov Protazanov	1881	1945	director,writer,actor	tt0028622,tt0014646,tt0021268,tt0194666
nm0699710	José Pubill	\N	\N	actor	tt0056911,tt0003113,tt0000655
nm0700930	Teuvo Puro	1884	1956	actor,director,writer	tt0138553,tt0215990,tt0138846,tt0138661
nm0701090	Alexander Pushkin	1799	1837	writer,soundtrack	tt4136084,tt2258477,tt0015772,tt0174157
nm0703545	Ana Quijada	\N	\N	actress	tt0000799
nm0704334	Billy Quirk	1873	1926	actor,director	tt0014431,tt0012440,tt0215495,tt1344125
nm0706854	Teppo Raikas	1883	1916	actor,writer,director	tt0000618,tt0138846,tt0202400,tt0229216
nm0710362	William V. Ranous	1857	1915	actor,director,producer	tt0000750,tt0000734,tt2440348,tt0000709
nm0711337	Holger Rasmussen	1870	1926	actor,director,writer	tt0001017,tt2355266,tt1240449,tt0127264
nm0712213	Alex Rautio	1857	1916	actor	tt0229216,tt0000618
nm0714557	Enoch J. Rector	1863	1957	director,cinematographer,editor	tt0381108,tt0000147
nm0719480	Joaquim Renez	\N	\N	actor	tt0330246,tt0192681,tt0000775,tt0143855
nm0721526	Émile Reynaud	1844	1918	director,animation_department,writer	tt0000003,tt2184231,tt0413219,tt2184201
nm0722712	Antonio Riba	\N	\N	actor	tt0000514
nm0727622	Viking Ringheim	1880	1954	actor	tt2426262,tt0000595,tt2432584,tt2347322
nm0728289	William S. Rising	1852	1930	actor,director	tt0003689,tt1742681,tt0003008,tt0000519
nm0729044	Duque de Rivas	1791	1865	writer	tt0000676,tt2812286,tt14345382,tt1193573
nm0730386	Jess Robbins	1886	1973	director,writer,cinematographer	tt0346729,tt0183803,tt0015056,tt0019103
nm0732264	Gabrielle Robinne	1886	1980	actress	tt2585584,tt0031840,tt0199732,tt0003325
nm0732651	Gertrude Robinson	1890	1962	actress	tt0000685,tt0212970,tt0001452,tt0000816
nm0734207	William T. Rock	1853	1916	actor,producer	tt0000528,tt0181715,tt0143983
nm0735618	Cecilio Rodríguez de la Vega	\N	\N	actor	tt0000674,tt0211291,tt0015533,tt0001184
nm0741382	Frank Oakes Rose	1849	1922	actor,director,cinematographer	tt0002010,tt0000582,tt0005018,tt0005026
nm0742777	Joe Rosenthal	1864	1946	cinematographer,director,camera_department	tt1959412,tt1946517,tt0208567,tt0000443
nm0742958	Salvador Rosich	1884	1920	actor	tt0000692
nm0744231	Laura Rossi	\N	\N	composer,music_department	tt1047011,tt4163668,tt7515456,tt0490166
nm0745457	Herman Rottger	1881	1917	actor	tt0003727,tt0004265,tt0000582,tt0300431
nm0749659	Emilio Ruiz Santiago	\N	\N	actor	tt0013544,tt0015659,tt0015533,tt0019263
nm0762935	Emilie Sannom	1886	1931	actress,writer	tt0496707,tt0130063,tt0011208,tt0001240
nm0764346	Tom Santschi	1878	1931	actor,director,miscellaneous	tt0007988,tt0022028,tt0004630,tt0017463
nm0765026	Victorien Sardou	1831	1908	writer	tt0005930,tt0049864,tt0018592,tt0002101
nm0767008	Mademoiselle Saunières	\N	\N	actress	tt0000971
nm0768187	Laura Sawyer	1885	1970	actress,writer	tt0004432,tt0004834,tt0008726,tt0005176
nm0772596	Erik Schmedes	1866	1931	actor	tt1293578,tt0806667,tt0000734
nm0773944	Max Schneider	1875	\N	cinematographer	tt0010584,tt0007834,tt0008557,tt0009647
nm0776198	Axel Schultz	1890	1974	actor	tt0123165,tt2433134,tt0124876,tt0125502
nm0777939	Bernhard Schwidewski	1885	1966	art_director,production_designer,set_decorator	tt0434132,tt0129272,tt0024036,tt0229543
nm0779797	Walter Scott	1771	1832	writer,soundtrack	tt1837580,tt0231704,tt0003022,tt0041037
nm0780534	Julie Seale	\N	\N	actress	tt0000121
nm0783152	William Nicholas Selig	1864	1948	producer,miscellaneous,director	tt0230802,tt0005746,tt0006144,tt0027546
nm0784327	Dora Tulloch	1878	1945	actor	tt0000247
nm0784407	Mack Sennett	1880	1960	producer,actor,director	tt0023040,tt0012701,tt0229411,tt0018951
nm0786076	Ernest Thompson Seton	1860	1946	writer	tt0413964,tt0000706,tt0056173,tt0046593
nm0789748	Harold M. Shaw	1877	1926	director,actor,writer	tt0180306,tt0327948,tt1672749,tt3832798
nm0790360	William Shea	1856	1918	actor	tt0338899,tt0000754,tt0338900,tt0330199
nm0792727	J. Barney Sherry	1874	1944	actor	tt0016034,tt0007672,tt0010367,tt0015471
nm0793094	Tsunekichi Shibata	\N	\N	cinematographer,director	tt0343134,tt0323650,tt0323412,tt0000319
nm0794919	Dorothy G. Shore	\N	\N	writer	tt0000488
nm0795060	Henry Short	\N	\N	cinematographer,director,editor	tt1321383,tt1319054,tt0000212,tt0000056
nm0797094	George Siegmann	1882	1928	actor,director,assistant_director	tt0019130,tt0182421,tt0012752,tt0017739
nm0802950	Manuel Sirvent	\N	\N	actor	tt0003608,tt0000673
nm0802955	Vicente Sirvent	\N	\N	actor	tt0000632,tt0000673,tt0000655
nm0804433	Eugen Skladanowsky	\N	\N	actor,writer,director	tt0295963,tt0000318,tt0122381
nm0804434	Max Skladanowsky	1863	1939	director,producer,cinematographer	tt7874452,tt0453121,tt0453118,tt0000032
nm0804632	Franz Skondrup	1874	1941	actor	tt2401336,tt2412162,tt2411936,tt2411856
nm0805569	A. Slavin	\N	\N	actor	tt0202031,tt0191382,tt0000844
nm0807235	Albert A. Smith	\N	\N	cinematographer	tt0000528
nm0807236	Albert E. Smith	1875	1958	miscellaneous,producer,cinematographer	tt0008730,tt0012164,tt0009063,tt0009833
nm0807358	Arthur Smith	\N	1958	actor	tt0372485,tt0002361,tt0372614,tt0000889
nm0807466	Blair Smith	1859	\N	cinematographer,camera_department	tt0343568,tt0000439,tt0344376,tt0368073
nm0808310	George Albert Smith	1864	1959	director,cinematographer,producer	tt2152922,tt2349747,tt2349745,tt0000272
nm0808571	James Smith	1892	1975	editor,editorial_department,actor	tt0020668,tt0031604,tt0004972,tt0027148
nm0808828	Joseph Smith	1878	1932	actor	tt0004902,tt0372382,tt0372255,tt0372421
nm0809419	Laura Bayley	1862	1938	actress	tt0000181,tt0000451,tt0000313,tt0242849
nm0809910	Sebastian Smith	1869	1948	actor	tt0024859,tt0022483,tt0029335,tt0180558
nm0813578	Juan Solsona	\N	\N	actor	tt0000514
nm0813603	Harry Solter	1873	1920	director,actor,writer	tt0201027,tt0009807,tt0334954,tt0000770
nm0814379	Petrine Sonne	1870	1946	actress	tt0000596,tt0033327,tt0024864,tt0015768
nm0814825	William Sorelle	1877	1944	actor	tt0007970,tt0005928,tt0233710,tt0002813
nm0815907	Julie Souplet	\N	\N	actress	tt0000351,tt0000378,tt0000360
nm0817086	Louis Sparre	1863	1964	director,writer	tt0000618
nm0817414	Georges Specht	\N	\N	cinematographer,camera_department	tt0438336,tt0010969,tt0438377,tt0015014
nm0819384	Cecil Spooner	1875	1953	actress,director,writer	tt0004389,tt0003820,tt0001008,tt0000887
nm0832458	Edith Storey	1892	1967	actress	tt0003771,tt0003973,tt0159059,tt0223606
nm0832461	Fred Storey	1861	1917	actor,writer	tt1969133,tt0265649,tt0000121
nm0832840	Mabel Stoughton	\N	\N	actress	tt0000752,tt0000641,tt0000778
nm0832948	Percy Stow	1876	1919	director	tt0183426,tt1228723,tt0285307,tt0458019
nm0832952	Harriet Beecher Stowe	1811	1896	writer	tt0821967,tt0018524,tt0173340,tt0009741
nm0834325	Oscar Stribolt	1873	1927	actor,director	tt0212828,tt2316210,tt2330502,tt2310354
nm0836650	K.E. Ståhlberg	1862	1919	producer,director	tt1611842,tt0000618,tt0215968
nm0839374	Marion Sunshine	1894	1963	actress,soundtrack	tt0000747,tt0036922,tt0001577,tt0004219
nm0841389	Josef Sváb-Malostranský	1860	1932	actor,writer,director	tt0000190,tt0310395,tt1075008,tt0006769
nm0842239	Blanche Sweet	1896	1986	actress,soundtrack,producer	tt0010825,tt0015394,tt0020601,tt0004181
nm0842605	Jonathan Swift	1667	1745	writer	tt1320261,tt0031397,tt0064843,tt1669607
nm0845662	Axel Sørensen	\N	\N	cinematographer,production_designer	tt0010247
nm0846879	Charles Tait	1868	1933	director,writer	tt0000574
nm0846887	Elizabeth Tait	1879	\N	actress	tt0000574
nm0846894	John Tait	1871	1955	actor,producer	tt0000574
nm0846911	Nevin Tait	1876	1961	producer	tt0000574
nm0848502	Manuel Tamayo y Baus	1829	1898	writer	tt0270480,tt0038493,tt0040544,tt0000941
nm0849803	John Tansey	1901	1971	actor,writer,director	tt0135183,tt0015625,tt0021311,tt0904024
nm0850483	Booth Tarkington	1869	1946	writer	tt0005377,tt0026723,tt0035015,tt0003747
nm0851633	João Tavares	1883	1971	actor,director	tt0032652,tt0034986,tt0002088,tt0001563
nm0853193	Stanner E.V. Taylor	1877	1948	writer,director,producer	tt0004225,tt0004356,tt0013399,tt0157746
nm0855139	Alfred Lord Tennyson	1809	1892	writer,soundtrack,music_department	tt0027438,tt0250486,tt0007113,tt0003886
nm0857203	Ernest Lawrence Thayer	1863	1940	writer,soundtrack	tt0000229,tt0002090,tt0006491,tt0017738
nm0866239	Aleksei Tolstoy	1817	1875	writer	tt0069017,tt0057603,tt0038732,tt6569546
nm0870831	Antonio de Padua Tramullas	1880	1961	cinematographer,director,writer	tt0006677,tt0005948,tt0003010,tt0012108
nm0872279	Francisco Tressols	\N	\N	actor	tt0007518,tt0034625,tt0017658,tt0175889
nm0874364	Mabel Trunnelle	1879	1981	actress	tt0178743,tt0441230,tt0421863,tt0214566
nm0874739	Tsar Nicholas II	1868	1918	actor	tt0420976,tt0358362,tt1611854,tt0395625
nm0874746	Tsarina Alexandra	1872	1918		tt0358362,tt4344478,tt9010958,tt4452602
nm0877550	Florence Turner	1885	1946	actress,producer,writer	tt0348365,tt0322124,tt0325357,tt0012556
nm0877783	Otis Turner	1862	1918	director,writer,producer	tt0004974,tt0007602,tt0007737,tt0000679
nm0878035	Ben Turpin	1869	1940	actor,director,soundtrack	tt0371832,tt0011711,tt0010925,tt0354954
nm0878467	Emanuel Tvede	1868	1910	actor,director	tt0000794,tt0000862
nm0878494	Mark Twain	1835	1910	writer,actor,miscellaneous	tt6977212,tt13912396,tt6420504,tt10147302
nm0881616	Charles Urban	1867	1942	producer,director,cinematographer	tt0005003,tt1986989,tt0166536,tt0173075
nm0882643	Yelizaveta Uvarova	\N	\N	actress	tt0002987,tt0000873,tt0000844,tt0005805
nm0882755	J. V-s	\N	\N	writer	tt6797650,tt0000618
nm0888708	Jacques Vandenne	\N	\N	actor	tt0132085,tt0014576,tt0938540,tt0445371
nm0888988	Lance Vane	1884	1942	actor	tt0135045,tt0134787,tt0000615
nm0891119	Vivian Vaughan	1902	1966	actress	tt0000447
nm0892614	Gaston Velle	1872	1948	director,writer,actor	tt0448832,tt0234642,tt0000609,tt1732680
nm0892682	Luz Veloso	1880	1962	actress	tt0053794,tt1151082,tt0000836,tt0870908
nm0894523	Jules Verne	1828	1905	writer	tt0373051,tt0048960,tt0046672,tt1397514
nm0895515	Gabriel Veyre	1871	1936	director,cinematographer,producer	tt0424792,tt0424878,tt0424985,tt0424832
nm0896066	José Vico	\N	\N	actor	tt0000514,tt0003822,tt0000542
nm0897085	Robert G. Vignola	1882	1953	director,actor,writer	tt0004052,tt0010483,tt0009267,tt0023849
nm0897388	José Vilar	\N	\N	actor	tt0052766,tt0051350,tt0049232,tt0050508
nm0897441	Ernesto Vilches	1879	1954	actor,writer,director	tt0184040,tt0182004,tt0026212,tt0132046
nm0899837	Carmen Vital	\N	\N	actress	tt0000514
nm0900111	Giovanni Vitrotti	1874	1966	cinematographer,director,camera_department	tt0232234,tt0396757,tt1314801,tt0421600
nm0900293	José Vives	\N	\N	actor,writer	tt0004482,tt0013734,tt0003113,tt0006065
nm0902731	Ritter von Mosenthal	1821	1877	writer	tt0004213,tt0000714
nm0903455	Henry Vorins	\N	\N	director,assistant_director,writer	tt0193874,tt8811478,tt3141508,tt0013390
nm0906197	Georges Wague	1874	1965	actor	tt0007518,tt0434033,tt0764742,tt0432622
nm0908753	Lew Wallace	1827	1905	writer	tt0016641,tt0363468,tt0052618,tt2638144
nm0909639	Frank Walsh	1860	1932	actor,assistant_director	tt0014672,tt0016308,tt0016420,tt0017419
nm0910400	Henry B. Walthall	1878	1936	actor,assistant_director	tt0022753,tt0007184,tt0007478,tt0004972
nm0919469	Poul Welander	1879	1942	actor,director,writer	tt1254222,tt1254219,tt3387600,tt1254269
nm0920229	H.G. Wells	1866	1946	writer,actor	tt0054387,tt0046534,tt0407304,tt0268695
nm0922044	Dorothy West	1891	1980	actress,writer	tt0001459,tt0000697,tt0001405,tt0001989
nm0924475	Arthur White	1881	1924	actor,miscellaneous	tt0001451,tt0245685,tt0143795,tt0001408
nm0924893	J. Fisher White	1865	1945	actor	tt0029712,tt0323540,tt0017235,tt0027311
nm0924920	James H. White	1872	1944	director,producer,cinematographer	tt0288468,tt0203653,tt0285297,tt0287119
nm0925513	Thomas White	1898	\N	actor	tt0000399
nm0926514	John Greenleaf Whittier	1807	1892	writer,soundtrack	tt0004937,tt0013860,tt1027712,tt0783233
nm0930504	Earle Williams	1880	1927	actor,writer,director	tt0007303,tt0010907,tt0014165,tt0167005
nm0932055	James Williamson	1855	1933	director,cinematographer,writer	tt0000273,tt0465763,tt0000355,tt0132534
nm0933446	George E. Wilson	\N	\N	actor	tt0000679
nm0937628	Sofus Wolder	1871	1914	director,actor	tt0308352,tt0128296,tt0004136,tt2333200
nm0940488	Frank E. Woods	1860	1939	writer,miscellaneous,producer	tt1334605,tt1204163,tt0016016,tt0014766
nm0944584	Margarita Xirgu	1888	1969	actress	tt0006419,tt0176294,tt0004892,tt0029931
nm0949133	Barry O'Moore	1879	1945	actor	tt0227995,tt0404730,tt0404735,tt0404738
nm0954087	Ferdinand Zecca	1864	1947	director,producer,actor	tt0199732,tt0270726,tt0458090,tt0330115
nm0957652	Émile Zola	1840	1902	writer	tt3359620,tt0017196,tt0762073,tt3186394
nm0957979	José Zorrilla	1817	1893	writer	tt0042406,tt0228227,tt0175914,tt0016568
nm0958169	Béla Zsitkovszky	1868	1930	cinematographer,director	tt0241741,tt0242000,tt0241859,tt1097614
nm0959358	Serafín Álvarez Quintero	1871	1938	writer	tt0047206,tt0036254,tt0030421,tt0007638
nm1003261	Alexander Christian	1881	1937	director,writer	tt2361096,tt0236782,tt2361156,tt2360268
nm10094537	Fridrikh Reyngardt	\N	\N	producer	\N
nm10102653	Alfred Collins	\N	\N	actor	tt1275511,tt0231358,tt0247037,tt1864507
nm1010955	Beatrice Day	\N	\N	actress	tt0155448,tt0189984,tt0000335
nm1011210	Mr. Graham	\N	\N	actor	tt0000335
nm1012587	Blair	\N	\N	actor	tt2006221,tt0000420,tt0000498,tt0350827
nm1012612	Harold Graham	\N	\N	actor	tt0000335
nm1012621	John Jones	\N	\N	actor	tt0000335
nm1013170	W. Chrystie Miller	1843	1922	actor	tt0001283,tt0001207,tt0000907,tt0001371
nm1024447	Ferdinand Gýra	1861	1933	actor	tt0000174,tt0000190
nm1033426	Nikolai Vekov	1870	\N	actor	tt0291299,tt1823704,tt0000844
nm10342565	Randolph Feelgood	\N	\N	actor	tt0000472
nm1040375	Mr. James	\N	\N	actor	tt0198559,tt0000273
nm10501864	Mme. Ondine	\N	\N		\N
nm1050849	José Yepes	\N	\N	actor	tt0000542,tt0000696
nm1069398	Edvard Jacobsen	1879	1941	actor	tt0246088,tt0000987,tt0001280,tt1414524
nm1069712	Agnes Lorentzen	1874	1947	actress	tt0002211,tt2410532,tt2369654,tt0130844
nm1089829	Rachel Gillet	\N	\N	actress	tt0000368,tt0228014
nm1096012	Sam Cunningham	\N	\N	actor	tt0000806,tt0001448
nm1096199	Joseph Dennis	\N	\N	actor	tt0233285,tt0001448,tt0000806
nm1096358	Gladys Du Pell	1893	\N	actress	tt0225531,tt0455026,tt0000488
nm1097174	Harry Hartzell	\N	\N	actor	tt0000806
nm1102226	Walter E. Seig	\N	\N	actor	tt0000806
nm1112850	Frederick Opper	1857	1937	writer	tt0359424,tt0359378,tt0231695,tt0231696
nm1135106	Filoteo Alberini	1865	1937	cinematographer,director,producer	tt2925670,tt0388231,tt2150453,tt2925668
nm1138324	William Howard Taft	1857	1930	actor	tt2451490,tt1295000,tt0885100,tt1068276
nm1145809	Scott Marble	1847	1919	writer	tt0438068,tt0000439
nm1151424	Félicien Trewey	1848	1920	actor	tt0928126,tt0151416,tt2460076,tt6968476
nm11698541	Léon Laffitte	\N	\N	producer	tt0000637
nm1173635	H. Kyrle Bellew	1850	1911	actor	tt0000486,tt0000501,tt0231679
nm12011828	Suzanne Faes	\N	\N	actress	tt0000769
nm1209346	Castelo Branco	\N	\N	actor,costume_department	tt0000613,tt0330797,tt0189904,tt0014292
nm1210247	J.H. Martin	1874	\N	director,cinematographer	tt2073667,tt2006868,tt2006882,tt2103143
nm1215402	Jane Stewart	\N	\N	actress	tt0000519
nm1215996	Brunnet	\N	\N	actor	tt0000417
nm1234058	F. Reinhardt	\N	\N	producer	tt0000873,tt0000844
nm1234552	S. Tarasov	\N	\N	actor	tt0000844,tt0207169
nm1234590	Paul Thiemann	\N	\N	producer	tt0346901,tt0002751,tt0004196,tt0002136
nm1263330	Lydia De Roberti	\N	\N	actress	tt0188942,tt0821968,tt1074489,tt0000776
nm1264018	Mirra Principi	1871	\N	actress	tt0183438,tt0924285,tt1045032,tt0345303
nm1265835	Mrs. George Gebhardt	\N	\N	actress	tt0423909,tt0207459,tt0929429,tt0000628
nm1266490	Wallace McCutcheon Jr.	1880	1928	actor,director	tt0000638,tt0009936,tt0000648,tt0010849
nm1266491	Mrs. Wallace McCutcheon	1866	1936	actress	tt0000737
nm1267013	Suzanne Seylor	\N	\N	actress	tt0002020,tt0001175,tt0000306,tt0005566
nm1267460	Einar Zangenberg	1882	1918	actor,director,writer	tt0783742,tt11109958,tt2421546,tt2588436
nm1272063	Danjuro Ichikawa	1838	1903	actor	tt0000319
nm1272675	Kikugoro Onoe V	\N	\N	actor	tt0000319
nm1301649	Ettore Pesci	\N	\N	actor	tt1567316,tt1080911,tt1080973,tt0172435
nm1304340	J.C. Buckstone	1859	1924	actor,writer	tt0350769,tt0224067
nm1309758	Chauncey Depew	1834	1928	actor,writer	tt4484306,tt1076833,tt0000009,tt0490842
nm1320386	E. Vivian	\N	\N	actor	tt0000611
nm1322270	Loma Besserer	\N	\N	actress	tt0000889
nm1323543	Christiane Mandelys	1873	1957	actress	tt0757218,tt0757217,tt0757216,tt0000591
nm1333156	Mlle Barral	\N	\N	actor	tt0359629,tt0012175,tt0200552,tt0194392
nm1333629	Amélie de Pouzols	\N	\N	actress	tt0482707,tt0487443,tt0007134,tt0000970
nm1335271	Gaston Paulin	\N	1921	composer	tt13125956,tt2184231,tt0000004,tt0000003
nm1340310	Madame d'Aulnoy	\N	\N	writer	tt14259126,tt2151703,tt0196010,tt0441074
nm1352982	Min Johnson	\N	\N	actress	tt0000958,tt0000845
nm1380868	Luis Mazzantini	\N	\N		tt0449215,tt0231678,tt0000200
nm1399761	George Creel	1876	1953	actor,writer	tt1241247,tt0000889
nm1400009	William A. Russell	1878	1914	actor	tt0354954,tt1644591,tt0372255,tt0372421
nm1428608	Lindsay Gray	1868	\N	actress	tt0000498
nm1458507	Victor Fabian	1869	1922	actor	tt2436884,tt2436804,tt0001258,tt2437670
nm1459190	Otto Lagoni	1868	1944	actor	tt2347042,tt2345521,tt0004066,tt2418822
nm1539443	Mrs. Hepworth	1873	1917	actress,writer	tt0000498,tt0000420,tt2035653,tt1954927
nm1562759	Frères Lafitte	\N	\N	producer	tt0000637
nm1563072	Georges Hatot	1876	1959	director,writer	tt4616942,tt0452348,tt0452311,tt0450067
nm1587194	Emil Skladanowsky	1866	\N	director	tt0405123,tt0000017,tt1754898
nm1588970	Carmencita	1868	1910	soundtrack	tt0000001,tt0057728
nm1597962	Anatole Thiberville	\N	\N	cinematographer,actor	tt0000477,tt0009568,tt0139714,tt1649324
nm1669708	H.L. Bascomb	\N	\N	actor	tt0000557
nm1669846	N.B. Clarke	\N	\N	actor	tt0000557
nm1670010	W.R. Floyd	\N	\N	actor	tt0000557
nm1670421	J. McDovall	\N	\N	actor	tt0000557
nm1670497	Phineas Nairs	\N	\N	actor	tt0000519,tt0000669,tt0477380
nm1670913	George Voijere	\N	\N	actor	tt0000519
nm1671089	Aline Boyd	\N	\N	actress	tt0000519
nm1675211	E.M. Leslie	\N	\N	actor	tt0000557
nm1678676	I.C. Christensen	1856	1930		tt0484985,tt1187029,tt0000550
nm1703900	Lucien Boyer	1876	1942	soundtrack,writer,actor	tt1682173,tt0051624,tt0132557,tt0071733
nm1715062	P.J.C. Janssen	1824	1907	director,cinematographer,producer	tt0000013,tt3155794,tt0221913
nm1726962	Acacio Antunes	\N	\N	actor	tt0000613
nm1728086	Thomas Vieira	\N	\N	actor	tt0000836,tt0000613
nm1729031	Lucinda do Carmo	\N	\N	actress	tt0000613
nm1729239	Claude Ferdinand Von Bernard	\N	\N	cinematographer,director	tt0425365,tt0425372,tt0350855,tt0424832
nm1747784	Francisco I. Madero	1873	1913		tt0388476,tt0388222,tt0388568,tt0000879
nm1759558	Gilberte Sergy	\N	1924	actress	tt1745783,tt0000591,tt0433616,tt0435273
nm1770680	Julien Pappé	1920	2005	cinematographer,animation_department,director	tt0432617,tt0094205,tt0000003,tt7331958
nm1778194	Bretteau	\N	\N	actor,director	tt0451308,tt0222481,tt0454099,tt6972358
nm1778224	Carmelli	\N	\N	actor	tt0000230
nm1778292	Dupeyron	\N	\N	actor	tt0000230
nm1779176	Mary Brunel	\N	\N	actress	tt0000970
nm1779686	Madeleine Sézanne	\N	\N	actress	tt0000970
nm1814364	Kai Voigt	1894	1946	actor	tt0000803,tt0445685,tt2408900,tt3126164
nm1834127	Maggi Zinn	1873	\N	actress	tt0125102,tt2366010,tt0445504,tt2412934
nm1845806	Parly Petersen	1889	1965	actor	tt2436544,tt3126686,tt2228376,tt2373768
nm1854449	Victor Betzonich	1864	1901	actor	tt0000442
nm1856940	Christian Lundsgaard	\N	\N	writer	tt0000442
nm1857036	Scheel Vandel	1864	1918	writer	tt0000442
nm1865342	Miss Earle	\N	\N	actress	tt0000749
nm1866776	Mr. Barry	\N	\N	actor	tt0000669,tt0477380
nm1868129	Jinnie Frazer	\N	\N	actress	tt0000749,tt0234609
nm1894886	Mr. Lepard	\N	\N	actor	tt0000273
nm1895457	Florence Williamson	\N	\N	actress	tt0000273,tt0454075,tt0466283
nm1902148	Alfred Duskes	\N	\N	producer,director	tt3849054,tt4025370,tt7940578,tt3848940
nm1917268	Witold d'Antone	\N	\N	actor	tt0000601
nm1972946	David Drazin	\N	\N	composer,music_department,actor	tt0012657,tt0012016,tt0010137,tt0009976
nm1997201	Maria Christina of Austria	1858	1929		tt4615812,tt0000216
nm2004235	Kitty O'Neil	\N	\N	actress	tt0000557
nm2014119	Walter Griswoll	\N	\N	actor	tt0000557
nm2088653	Augustus Marvin	\N	\N	writer	tt0000711
nm2092030	George S. Fleming	\N	\N	director,art_department,assistant_director	tt0324308,tt0000399,tt0379830,tt0232216
nm2112876	Julie Henriksen	1872	1949	actress	tt2363096,tt2399330,tt0127004,tt2233936
nm2140812	Thurston Harris	\N	\N	actor	tt2027044,tt1181477,tt0000621,tt2010874
nm2155522	G. Benesh	\N	\N	costume_designer,production_designer	tt0202031,tt0000844
nm2156608	Walter Pfeffer Dando	1852	1944	director	tt0000247
nm2157518	Antonio Serrano	\N	\N	cinematographer	tt0000844,tt0346901
nm2160063	Valdemar Petersen	\N	\N	actor	tt0000594,tt2427366,tt0188039,tt0000768
nm2161079	Mariya Korolyova	\N	\N	actress	tt0000873,tt0202031,tt0001842
nm2256592	John L. Sullivan	1858	1918		tt0000147
nm2259742	Charles Sefton	1884	1971	actor	tt0000247
nm2313241	John Manus Dougherty Sr.	1885	\N	actor	tt0000439
nm2326707	Lily Haggar	1891	1973	actress	tt0000520,tt0925292
nm2329855	Violet Haggar	1887	1979	actress	tt0000722,tt0000520
nm2329944	Henry Haggar	1889	1945	actor	tt0000520
nm2331275	James Haggar	1879	1925	actor	tt0495639,tt0925287,tt0892114,tt1999992
nm2332493	Sarah Haggar	1851	1909	actress	tt0000520
nm2350007	Antoine Féraud	\N	\N	actor	tt0000026,tt0222259,tt0221930
nm2350838	Andrée Lumière	1894	1918		tt0204861,tt0000029
nm2354154	Alphonse Winckler	1839	1925		tt0000026
nm2421834	Eric Chapus	\N	\N	composer,soundtrack	tt9261290,tt0000574,tt0883792,tt0217629
nm2485827	Fred Haggar	1873	1913	actor	tt0000520,tt0925292
nm2528881	Aage Lorentzen	1880	1955	actor	tt0002211,tt0129057,tt0130844,tt2412162
nm2681099	José María Pino Suárez	1869	1913		tt0000879,tt0388222
nm2718103	Agnes Nørlund Seemann	1882	1973	actress	tt2426166,tt2237544,tt2397718,tt2428338
nm2880396	Madeleine Koehler	1895	1970		tt8245694,tt1167665,tt0221930,tt0000012
nm2924919	Wallace Illington	\N	\N	actor	tt0000679
nm2931813	Anton Seitzberg	1863	1917	actor	tt2437722,tt2355266,tt2355062,tt0000803
nm2932070	Erik Winther	1884	1946	actor	tt3126150,tt0124813,tt0123162,tt3126386
nm2940072	Harold Smith	1889	1975	actor	tt0000304,tt0242849,tt0000308
nm2940350	Dorothy Smith	1891	1964	actress	tt0000308,tt0000434,tt0242849
nm2958402	Scott Stratton	\N	\N	actor,writer,composer	tt0000038,tt1756731
nm2960633	Scoops Carey	\N	\N		tt0000038
nm3002376	Norman Campbell	\N	\N	actor	tt0000574,tt12579676
nm3029234	Georgette Méliès	1888	1930	actress	tt0229020
nm3071427	Jim Gerald	\N	\N	actor	tt0033168,tt0134787,tt0043199,tt0000615
nm3345408	Fred Farren	1874	1956	actor	tt0212036,tt0000475
nm3412368	Edmund Østerby	1876	1962	actor	tt2408958,tt1234643,tt2418582,tt2438906
nm3691272	Ploetz	\N	\N		tt0000017
nm3692071	Delaware	\N	\N	actor	tt0000018
nm3692297	Grunato	\N	\N		tt0000011
nm3692479	Ancion	\N	\N	actress	tt0000032
nm3692829	Larella	\N	\N		tt0000017
nm3763070	Cardoso	\N	\N	producer	tt0000580
nm3887135	E.A. Armstrong	\N	\N	writer	tt0000443
nm4007970	Alhambra Girls	\N	\N	actress	tt0188250,tt0000061
nm4081458	George Siler	1846	1908		tt0000147
nm4082222	Billy Madden	1852	1918		tt0000147
nm4117830	Charles Foley	\N	\N	writer	tt0463449,tt0000942,tt1741231
nm4427898	Sir Robert Ashe	\N	\N	director	tt1959532,tt1931556,tt0000227,tt1985162
nm4491570	Octavio Vázquez	\N	\N	composer	tt0000417,tt0327822,tt0326373,tt0215737
nm4535948	The White Coons	\N	\N		tt0000782
nm4536361	Cameron highlanders' Band	\N	\N		tt0170980,tt0000782
nm4572288	William Thomsen	\N	\N	actor	tt0000602
nm4749111	Joe Giddings	\N	\N	actor	tt0000520
nm4824599	Max Freitag	\N	\N	actor	tt0000566
nm4824625	Idon Hartvig	1888	1974	actor	tt3126534,tt2427468,tt2347322,tt2410848
nm4866513	Aleksey Muravin	1883	\N	actor	tt0000873,tt2091261,tt0253269,tt0202031
nm4893143	Paul-Ernst Timan	\N	\N	producer	tt2234317,tt0000873,tt2243431,tt11382892
nm4905952	Germaine Serand	\N	\N	actress	tt0000409,tt0223341
nm4906549	Yvonne Serand	1886	1969	actress	tt0208299,tt0000409,tt0223341
nm5121267	Emile Houtman	\N	\N	actor	tt0000477
nm5121475	René Serand	\N	\N	actor	tt0000477
nm5188470	Carl Johan Lundkvist	1875	1915	actor	tt2428338,tt0000862,tt2414410,tt0001049
nm5216764	Inger Melchior	\N	\N	actress	tt0000583
nm5217821	Trine Wulff	\N	\N	actress	tt0000794
nm5227669	Gudrun Kjerulf	1882	1918	actress	tt3126144,tt0001017,tt3126150,tt2438846
nm5289318	O. Poulsen	\N	\N	actor	tt0000862
nm5289829	Hr. Andreasen	\N	\N	actor	tt0000862
nm5394591	Paul Méliès	\N	\N	producer,actor	tt1182914,tt1195838,tt1225815
nm5442200	Tamara Pappé	\N	\N	editor	tt0000003
nm5600037	A.C. Meyer	\N	\N	writer	tt0000932
nm5670483	Paul Decauville	\N	\N	producer	tt0000306
nm5718242	Ellen Daws	1867	1954	actress	tt0000121
nm6010696	Percy Anderson	1851	1928	costume_designer,production_designer	tt1986989,tt0000247
nm6114857	Raymond Roze	1875	1920	composer	tt0000247,tt6687694
nm6170115	Jules-Eugène Legris	1862	1926	actor	tt0223291,tt0224268,tt0223947
nm6440362	Mlle. Bodson	\N	\N	actress	tt0215737
nm6758605	Albert Kutzner	\N	\N	actor,director	tt4025400,tt0000536,tt0455216,tt5120440
nm8706003	May de Lavergne	\N	\N	actress	tt0000499
nm8709803	Daniel Smith	\N	\N	actor	tt0000370
nm9335353	Manuel	\N	\N	actor	tt0223821,tt0222676,tt0000575,tt0215737
nm9342429	Octavie Huvier	\N	\N	actress	tt0000132
nm9473330	Marguerite Thévenard	\N	\N		\N
nm9513675	Elise de Vère	\N	\N		\N
nm9551905	Victor Darlay	\N	\N	writer	\N
nm9653419	Suzanne Lumière	\N	\N		\N
nm9735579	Rose Lumière	\N	\N		tt0791136,tt0000012,tt0222259,tt0221930
nm9735580	Marcel Koehler	\N	\N		tt8245694,tt0000012
nm9735581	Jeanne-Joséphine Lumière	\N	\N		\N
